[
    {
        "id": 0,
        "customerName": "Sai Sandeep",
        "phoneNumber": "9988766314",
        "address": "Tempe, AZ",
        "loanAmount": "",
        "monthlyPayment":"250",
        "interest": "6",
        "loanTermYears": "4",
        "loanType": "Personal Loan",
        "description": "Personal loan with 6% interest"
    },
    {
        "id": 1,
        "customerName": "Ankitha Bhavana",
        "phoneNumber": "9223566758",
        "address": "Tempe, AZ",
        "loanAmount": "",
        "monthlyPayment":"350",
        "interest": "5",
        "loanTermYears": "3",
        "loanType": "Personal Loan",
        "description": "Personal loan with 5% interest"
      },
      {
        "id": 2,
        "customerName": "Sai Venkat Vinay",
        "phoneNumber": "8910256674",
        "address": "Tempe, AZ",
        "loanAmount": "",
        "monthlyPayment":"300",
        "interest": "7",
        "loanTermYears": "5",
        "loanType": "Personal Loan",
        "description": "Personal loan with 7% interest"
      },
      {
        "id": 3,
        "customerName": "Hima Sree",
        "phoneNumber": "7330456743",
        "address": "Tempe, AZ",
        "loanAmount": "",
        "monthlyPayment":"450",
        "interest": "4",
        "loanTermYears": "5",
        "loanType": "Personal Loan",
        "description": "Personal loan with 4% interest"
      },
      {
        "id": 4,
        "customerName": "Sai Dixith",
        "phoneNumber": "7956633211",
        "address": "Tempe, AZ",
        "loanAmount": "",
        "monthlyPayment":"400",
        "interest": "6",
        "loanTermYears": "4",
        "loanType": "Personal Loan",
        "description": "Personal loan with 6% interest"
      }
]
